{
    "train_loss": [
        0.3804536818504333,
        0.17475167652070522,
        0.0932239575266838,
        0.02405861172825098,
        0.026689355809334667,
        0.1833720644980669,
        0.025229417202621698,
        0.021615268358588218,
        0.03938064895868301,
        0.13739324575662612,
        0.014099701234698295,
        0.0024300280164927246,
        0.002240997026953846,
        0.0018136373878456652,
        0.0011324528762605042,
        0.0005931382929440588,
        0.0004100350933615118,
        0.0006601403462234885,
        0.0009668670046608895,
        0.0006550858257105573,
        0.001592069694912061,
        0.004432784244511276,
        0.0009961925364099444,
        0.0009999215950723737,
        0.000622332357428968,
        0.0004656825359677896,
        0.00048049073789734395,
        0.0020878812727052718,
        0.001022775591770187,
        0.000663188620377332
    ],
    "train_acc": [
        88.54,
        94.42,
        97.24,
        99.3,
        99.32,
        94.44,
        99.22,
        99.38,
        98.94,
        95.72,
        99.68,
        99.98,
        99.98,
        99.96,
        100.0,
        100.0,
        100.0,
        100.0,
        99.98,
        100.0,
        99.98,
        99.94,
        99.98,
        100.0,
        100.0,
        100.0,
        100.0,
        99.98,
        99.98,
        100.0
    ],
    "val_loss": [
        0.6042648121730114,
        0.4862954194207365,
        0.387517750915916,
        0.24496510764225,
        0.5581727326040224,
        0.49093847581670463,
        0.4372831251530685,
        0.338676815298871,
        0.4207067066609549,
        0.467135341175211,
        0.2630600729803943,
        0.2477418747737344,
        0.2728123599793374,
        0.2523134667844958,
        0.2526734667432417,
        0.2670624551850779,
        0.26033572403888683,
        0.2569604849224076,
        0.2511854914828776,
        0.24369794037673273,
        0.29380738348566715,
        0.2616994281272491,
        0.24917919332763025,
        0.24176633896820324,
        0.23944930878883497,
        0.2327450055237015,
        0.25442294646893665,
        0.2468338398348654,
        0.26583810466980745,
        0.28114655184745063
    ],
    "val_acc": [
        79.91666666666667,
        90.25,
        90.58333333333333,
        95.66666666666667,
        83.16666666666667,
        88.16666666666667,
        88.75,
        91.83333333333333,
        88.75,
        89.5,
        93.25,
        93.66666666666667,
        93.33333333333333,
        93.41666666666667,
        94.08333333333333,
        93.0,
        93.25,
        93.5,
        93.66666666666667,
        93.91666666666667,
        93.25,
        94.0,
        94.08333333333333,
        94.66666666666667,
        94.41666666666667,
        94.41666666666667,
        94.08333333333333,
        94.08333333333333,
        94.08333333333333,
        93.58333333333333
    ]
}